{
    "timestamp": "2025-02-07 05:10:53",
    "distributions": {
        "wind_speed_1": {
            "type": "weibull_min",
            "parameters": {
                "shape": 2.729172434121726,
                "loc": 10.640594267708696,
                "scale": 4.148862893329419
            }
        },
        "wind_speed_2": {
            "type": "weibull_min",
            "parameters": {
                "shape": 2.6198822368629084,
                "loc": 10.758650607704318,
                "scale": 4.002725043497975
            }
        },
        "temperature": {
            "type": "normal",
            "parameters": {
                "loc": 20.501699992796702,
                "scale": 6.827658274852115
            }
        }
    },
    "correlations": {
        "pearson": {
            "wind_speed_1": {
                "wind_speed_1": 1.0,
                "wind_speed_2": 0.8247584226282145,
                "temperature": -0.9061791736350198,
                "soil_moisture": 0.8910698130813682
            },
            "wind_speed_2": {
                "wind_speed_1": 0.8247584226282145,
                "wind_speed_2": 1.0,
                "temperature": -0.907572745000332,
                "soil_moisture": 0.8906754212174238
            },
            "temperature": {
                "wind_speed_1": -0.9061791736350198,
                "wind_speed_2": -0.907572745000332,
                "temperature": 1.0,
                "soil_moisture": -0.9804572556863864
            },
            "soil_moisture": {
                "wind_speed_1": 0.8910698130813682,
                "wind_speed_2": 0.8906754212174238,
                "temperature": -0.9804572556863864,
                "soil_moisture": 1.0
            }
        }
    },
    "copula_params": null,
    "data_summary": {
        "basic_stats": {
            "wind_speed_1": {
                "count": 10000.0,
                "mean": 14.324661121933831,
                "std": 1.4777797439631588,
                "min": 10.705802510541034,
                "25%": 13.126550994009786,
                "50%": 14.207934432315472,
                "75%": 15.528671909880517,
                "max": 19.032638931137495
            },
            "wind_speed_2": {
                "count": 10000.0,
                "mean": 14.30679344869115,
                "std": 1.480996453480017,
                "min": 10.782841144868524,
                "25%": 13.071300574518236,
                "50%": 14.172109147050092,
                "75%": 15.567223067140052,
                "max": 18.90877287092985
            },
            "temperature": {
                "count": 10000.0,
                "mean": 20.501699992796702,
                "std": 6.827999683371714,
                "min": 9.1839835936447,
                "25%": 13.839267841979336,
                "50%": 21.37630878390219,
                "75%": 26.904599613692348,
                "max": 30.83159635161456
            },
            "soil_moisture": {
                "count": 10000.0,
                "mean": 0.29637553402023636,
                "std": 0.07026537966917937,
                "min": 0.1686428691948073,
                "25%": 0.23370910050046806,
                "50%": 0.28770921387374815,
                "75%": 0.36602304027801125,
                "max": 0.438215214113479
            }
        }
    }
}